{"name":"grid-lines-as-cols","$type":"block","datasets":{"data":{"$type":"basic","$data":{"sizesCols":[{"title":"Area","name":[{"name":"sizes[code='area'].value","type":"number"},{"name":"descriptions[code='area'].value","type":"string"}],"type":"typeLigne"},{"name":[{"name":"sizes[code='population'].value","type":"number"},{"name":"descriptions[code='population'].value","type":"string"}],"title":"Population","editing":false,"type":"typeLigne"}],"documents":[{"id":1,"Name":"United States of America","Description":"United States of America","readOnly":true,"typeLigne":"number","sizes":[{"id":1,"code":"area","text":"eeee","value":9826675},{"id":2,"code":"population","value":318212000}],"TimeZone":"UTC -5 to -10","children":[{"Name":"California","id":2,"Description":"The Tech State","typeLigne":"number","TimeZone":"Pacific Time","readOnly":true,"sizes":[{"id":1,"code":"area","value":423970},{"id":2,"code":"population","value":38340000}],"children":[{"Name":"San Francisco","id":3,"Description":"The happening city","typeLigne":"string","sizes":[{"id":1,"code":"area","value":231},{"id":2,"code":"population","value":837442}],"descriptions":[{"id":1,"code":"area","value":"Data Not available"},{"id":2,"code":"population","value":"Under construction"}],"TimeZone":"PST"},{"id":4,"Name":"Los Angeles","Description":"Disco city","typeLigne":"number","sizes":[{"id":1,"code":"area","value":503},{"id":2,"code":"population","value":3904657}],"TimeZone":"PST"}]},{"Name":"Illinois","id":5,"Description":"Not so cool","TimeZone":"Central Time Zone","typeLigne":"number","sizes":[{"id":1,"code":"area","value":57914},{"id":2,"code":"population","value":12882135}],"children":[{"id":6,"DemographicId":6,"ParentId":5,"Name":"Chicago","Description":"Financial City","typeLigne":"number","sizes":[{"id":1,"code":"area","value":234}],"TimeZone":"CST"}]},{"Name":"Texas","id":7,"Description":"Rances, Oil & Gas","typeLigne":"number","sizes":[{"id":1,"code":"area","value":268581},{"id":2,"code":"population","value":26448193}],"TimeZone":"Mountain"},{"Name":"New York","id":8,"Description":"The largest diverse city","typeLigne":"number","sizes":[{"id":1,"code":"area","value":141300},{"id":2,"code":"population","value":19651127}],"TimeZone":"Eastern Time Zone","children":[{"id":9,"Name":"Manhattan","Description":"Time Square is the place","typeLigne":"number","sizes":[{"id":1,"code":"area","value":269.4},{"id":2,"code":"population","value":0}],"TimeZone":"EST","children":[{"id":10,"Name":"Manhattan City","Description":"Manhattan island","typeLigne":"number","sizes":[{"id":1,"code":"area","value":33.77},{"id":2,"code":"population","value":0}],"TimeZone":"EST"},{"id":11,"Name":"Time Square","Description":"Time Square for new year","typeLigne":"number","sizes":[{"id":1,"code":"area","value":269.4},{"id":2,"code":"population","value":0}],"TimeZone":"EST"}]},{"id":12,"Name":"Niagra water fall","Description":"Close to Canada","typeLigne":"number","sizes":[{"id":1,"code":"area","value":65},{"id":2,"code":"population","value":0}],"TimeZone":"EST"},{"id":13,"Name":"Long Island","Description":"Harbour to Atlantic","typeLigne":"number","sizes":[{"id":1,"code":"area","value":362},{"id":2,"code":"population","value":0}],"TimeZone":"EST"}]},{"id":14,"DemographicId":51,"ParentId":1,"Name":"All_Other","Description":"All_Other demographics","Area":0,"typeLigne":"string","Population":0,"TimeZone":0,"descriptions":[{"id":1,"code":"area","value":"Data Not available"},{"id":2,"code":"population","value":"Under construction"}]}]},{"id":15,"Name":"France","Description":"France","typeLigne":"number","sizes":[{"id":1,"code":"area","value":675000},{"id":2,"code":"population","value":67314000}],"TimeZone":"UTC+1","children":[{"id":16,"Name":"Île-de-France","Description":"Île-de-France","typeLigne":"number","sizes":[{"id":1,"code":"area","value":12011},{"id":2,"code":"population","value":11959807}],"TimeZone":"UTC+1"}]},{"id":17,"Name":"Germany","Description":"Germany","typeLigne":"number","sizes":[{"id":1,"code":"area","value":357168},{"id":2,"code":"population","value":81770900}],"TimeZone":"UTC+1"},{"id":18,"Name":"Italy","Description":"Italian Republic","typeLigne":"number","sizes":[{"id":1,"code":"area","value":5545},{"id":2,"code":"population","value":60674003}],"TimeZone":"UTC+1"},{"id":19,"Name":"Poland","Description":"Republic of Poland","typeLigne":"number","sizes":[{"id":1,"code":"area","value":312679},{"id":2,"code":"population","value":38483957}],"TimeZone":"UTC+1"},{"id":20,"Name":"Spain","Description":"Kingdom of Spain","typeLigne":"number","sizes":[{"id":1,"code":"area","value":505990},{"id":2,"code":"population","value":46423064}],"TimeZone":"UTC+1"},{"id":21,"Name":"Portugal","Description":"Portuguese Republic","typeLigne":"number","sizes":[{"id":1,"code":"area","value":92391},{"id":2,"code":"population","value":81770900}],"TimeZone":"UTC+0"},{"id":22,"Name":"Great Britain","Description":"United Kingdom","typeLigne":"number","sizes":[{"id":1,"code":"area","value":209331,"$states":{"value":{"decimals":0}}},{"id":2,"code":"population","value":5969056,"$states":{"value":{"decimals":0}}}],"TimeZone":"UTC0"},{"id":23,"Name":"India","Description":"Hydrabad tech city","typeLigne":"number","sizes":[{"id":1,"code":"area","value":9826675,"$states":{"value":{"decimals":1}}},{"id":2,"code":"population","value":318212000,"$states":{"value":{"decimals":1}}}],"TimeZone":"IST"},{"id":24,"Name":"Bangladesh","Description":"Country of love","typeLigne":"number","sizes":[{"id":1,"code":"area","value":9826675,"$states":{"value":{"decimals":3}}},{"id":2,"code":"population","value":3182,"$states":{"value":{"decimals":3}}}],"TimeZone":"BST"}],"totals":[{"Area":209331555,"Population":5969056888,"typeLigne":"number","sizes":[{"id":1,"code":"area","value":88421512121},{"id":2,"code":"population","value":8855212121}]}]}}},"$items":[{"$type":"row","$items":[{"$items":[{"$type":"block","$inline":true,"$items":[{"$bind":"documents","$widget":"columns-array","options":{"gridName":"grille-prix"}}]},{"$type":"block","$items":[{"$bind":"documents","$name":"grille-prix","$widget":"basicgrid","options":{"striped":false,"scrolling":{"vertical":false},"contextMenu":{},"selecting":{"row":true,"cell":true,"multiselect":false,"selectAll":false},"total":{"property":"totals"},"expandingProperty":"children","sorting":true,"editing":{"readOnlyRow":"readOnly","nulls":{"actionName":"addValue"}},"expanding":{"styledLevels":true,"selectChildren":false},"border":true,"allowColumnResize":true,"allowFrozenColumns":true,"linesAsColumns":"sizesCols","linesAsColumnsInsertAfter":"Description","columns":[{"$bind":"$expand","options":{"editing":false,"width":250,"display":"Name","frozen":true}},{"$bind":"Description","options":{"editing":false,"width":200}},{"$bind":"$links.$remove","options":{"width":50,"outline":true,"icon":"trash","button":true,"type":"default"}}]}}]}],"$colSize":9},{"$items":[{"$type":"block","$items":[{"$bind":"lastName"},{"$bind":"firstName"}],"$sticky":""}],"$style":"left-sm-field-margin","$colSize":3,"$sticky":"top"}]}],"form":true}