{"name":"grid-selecting","$type":"block","datasets":{"data":{"$type":"basic","$data":{"Pokemons":[{"Name":"Taupiqueur","Type":"ground","DateOfBirth":"2004-12-16","PV":150,"Price":350},{"Name":"Reptincel","Type":"fire","DateOfBirth":"1986-12-04","PV":220,"Price":600},{"Name":"Locklass","Type":"water","DateOfBirth":"1983-06-06","PV":300,"Price":1050},{"Name":"Florizare","Type":"grass","DateOfBirth":"2008-12-01","PV":330,"Price":1860},{"Name":"Machoc","Type":"ground","DateOfBirth":"2000-02-14","PV":80,"Price":250},{"Name":"Sabelette","Type":"ground","DateOfBirth":"1985-08-27","PV":120,"Price":360},{"Name":"Noadkoko","Type":"grass","DateOfBirth":"2001-06-02","PV":180,"Price":630},{"Name":"Feunard","Type":"fire","DateOfBirth":"1996-05-13","PV":280,"Price":1200},{"Name":"Arcanin","Type":"fire","DateOfBirth":"2003-01-31","PV":420,"Price":1520},{"Name":"Hypocéan","Type":"water","DateOfBirth":"2001-09-03","PV":290,"Price":800},{"Name":"Pyroli","Type":"fire","DateOfBirth":"2004-05-04","PV":250,"Price":1000}]}}},"$items":[{"$type":"block","$items":[{"$type":"block","$title":{"value":"Cell selecting","$style":"$spo-h2","size":4},"$items":[{"$bind":"Pokemons","$widget":"basicgrid","options":{"height":"250px","scrolling":{"vertical":true},"selecting":{"cell":true},"border":true,"columns":[{"$bind":"$index","options":{"width":50}},{"$bind":"Name","options":{"width":200,"selectable":true}},{"$bind":"Type","options":{"width":200,"selectable":true}},{"$bind":"DateOfBirth","options":{"width":200,"selectable":true}},{"$bind":"PV","options":{"width":200,"selectable":true}},{"$bind":"Price","options":{"width":200,"selectable":true}}]}}]},{"$type":"block","$title":{"value":"Row selecting","$style":"$spo-h2","size":4},"$items":[{"$bind":"Pokemons","$widget":"basicgrid","options":{"height":"250px","scrolling":{"vertical":true},"selecting":{"row":true},"border":true,"columns":[{"$bind":"$index","options":{"width":50}},{"$bind":"Name","options":{"width":200}},{"$bind":"Type","options":{"width":200}},{"$bind":"DateOfBirth","options":{"width":200}},{"$bind":"PV","options":{"width":200}},{"$bind":"Price","options":{"width":200}}]}}]},{"$title":{"value":"Multi (row) selecting","$style":"$spo-h2","size":4},"$type":"block","$items":[{"$bind":"Pokemons","$name":"gfsfxy3","options":{"height":"250px","scrolling":{"vertical":true},"selecting":{"row":true,"multiselect":true,"cell":true},"toolbar":{"items":[{"type":"multiselect"}]},"border":true,"columns":[{"$bind":"$index","options":{"width":50}},{"$bind":"Name","options":{"width":200}},{"$bind":"Type","options":{"width":200}},{"$bind":"DateOfBirth","options":{"width":200}},{"$bind":"PV","options":{"width":200}},{"$bind":"Price","options":{"width":200}}]}}]}]}],"form":true}