{"type":"object","properties":{"firstName":{"type":"string","title":"First Name"},"lastName":{"type":"string","title":"Last Name"},"documents":{"children":"children","expanded":true,"type":"array","items":{"$ref":"#/definitions/State"}},"totals":{"type":"array","items":{"$ref":"#/definitions/State"}}},"definitions":{"Size":{"name":"Size","type":"object","primaryKey":"id","properties":{"id":{"type":"integer","title":"Id"},"code":{"type":"string","title":"Code"},"value":{"type":"number","decimals":2,"title":"Value"}}},"description":{"name":"Size","type":"object","primaryKey":"id","properties":{"id":{"type":"integer","title":"Id"},"code":{"type":"string","title":"Code"},"value":{"type":"String","decimals":2,"title":"Description"}}},"State":{"name":"State","type":"object","primaryKey":"id","properties":{"id":{"type":"integer","title":"Id"},"readOnly":{"type":"boolean"},"Name":{"type":"string","title":"Name"},"typeLigne":{"type":"string"},"Description":{"type":"string","title":"Description"},"sizes":{"type":"array","items":{"$ref":"#/definitions/Size"}},"descriptions":{"type":"array","items":{"$ref":"#/definitions/description"}},"children":{"type":"array","expanded":true,"children":"children","items":{"$ref":"#/definitions/State"}}},"links":{"$remove":{}}}}}