{"type":"object","properties":{"pokemons":{"type":"array","items":{"$ref":"#/definitions/Pokemon"},"links":{"add":{"title":"Pokemon"},"$remove":{"title":"Remove","select":{"multiselect":false}},"favorite":{"title":"Mark as favorite","select":{"multiselect":true}},"powerUp":{"title":"Power Up","select":{"multiselect":false}}}},"Summary":{"type":"array","items":{"$ref":"#/definitions/Pokemon"}},"SummaryObj":{"$ref":"#/definitions/Pokemon"}},"links":{"set":{"title":"Set Summary"},"upd":{"title":"Update Summary (+32 PV / +20€)"},"save":{"title":"Save"},"cancel":{"title":"Cancel"}},"definitions":{"Pokemon":{"name":"Pokemon","type":"object","primaryKey":"Name","properties":{"Name":{"type":"string","title":"Name"},"Type":{"type":"string","title":"Type","enum":["fire","grass","ground","water"],"enumNames":["Fire","Grass","Ground","Water"],"default":"ground"},"DateOfBirth":{"type":"string","title":"Date of birth","format":"date"},"PV":{"type":"integer","title":"PV"},"Price":{"type":"number","format":"money","title":"Price"}}}}}