{"datasets":{"main":{"$type":"basic","$data":{"libelle1":"Champs saississable","libelle2":"Champs obligatoire","libelle3":"Champs lecture seule","checkbox":true,"checkbox2":true},"$output":"$data"}},"name":"champs","$type":"block","$items":[{"$type":"row","$items":[{"$title":{"value":"Exemple de champs","$style":"$spo-h3","size":5},"$fieldsOptions":{"columns":true,"labelCol":2},"$type":"block","$items":[{"$bind":"libelle1","options":{"maxWidth":"40em"}},{"$bind":"libelle1","options":{"maxWidth":"40em"}},{"$bind":"libelle2","options":{"maxWidth":"40em"}},{"$bind":"libelle3","options":{"maxWidth":"40em"}},{"$bind":"money"},{"$bind":"date"}]}]},{"$type":"row","$items":[{"$title":{"value":"Menu déroulant","$style":"$spo-h3","size":5},"$type":"block","$items":[{"$bind":"deroulant","options":{"maxWidth":"40em"}}],"$fieldsOptions":{"columns":true,"labelCol":2}}]},{"$title":{"value":"Activer plusieurs options","$style":"$spo-h3","size":5},"$type":"block","$items":[{"$bind":"checkbox"},{"$bind":"checkbox2"},{"$bind":"checkbox3"},{"$bind":"checkbox4"}],"$fieldsOptions":{"columns":true,"labelCol":2}},{"$title":{"value":"Choix unique","$style":"$spo-h3","size":5},"$type":"block","$items":[{"$bind":"radio","$widget":"radio","options":{"horizontal":true}}],"$fieldsOptions":{"columns":true,"labelCol":2}},{"$title":{"value":"Sticky-footer","$style":"$spo-h3","size":5},"$type":"block","$style":"$white","$inline":true,"$sticky":"bottom","$items":[{"$bind":"$links.save","options":{"right":true,"type":"success"}},{"$bind":"$links.close","options":{"right":true}}]}],"form":true}