{"form":true,"datasets":{"main":{"$type":"basic","$data":{"Offres":[{"Libelle":"Offre BP","Type":"oat","Date":"2001-05-11","VAT":99999999.253,"caracTA":{"Price":9999999888.77}},{"Libelle":"Offre CL","Type":"swap","Date":"2001-05-11","VAT":33,"Selected":true,"caracTA":{"Price":102.5}},{"Libelle":"Offre CE","Type":"oat","Date":"2016-05-11","VAT":45.22,"caracTA":{"$states":{"Price":{"isReadOnly":true}}}}],"documents":[{"id":1,"Name":"United States of America","Description":"United States of America","Area":9826675,"Population":318212000,"details":[{"code":"USA","id":2,"title":"United States of America","value":10}],"totals":[{"title":"United States of America","id":3,"value":10}],"TimeZone":"UTC -5 to -10","children":[{"Name":"California","id":4,"Description":"The Tech State","Area":423970,"Population":38340000,"TimeZone":"Pacific Time","children":[{"Name":"San Francisco","Description":"The happening city","Area":231,"id":5,"Population":837442,"TimeZone":"PST"},{"Name":"Los Angeles","Description":"Disco city","Area":503,"id":6,"Population":3904657,"TimeZone":"PST"}]},{"Name":"Illinois","Description":"Not so cool","id":7,"Area":57914,"Population":12882135,"TimeZone":"Central Time Zone","children":[{"DemographicId":6,"ParentId":5,"id":8,"Name":"Chicago","Description":"Financial City","Area":234,"Population":2695598,"TimeZone":"CST"}]},{"Name":"Texas","Description":"Rances, Oil & Gas","Area":268581,"id":9,"Population":26448193,"TimeZone":"Mountain"},{"Name":"New York","Description":"The largest diverse city","Area":141300,"id":10,"Population":19651127,"TimeZone":"Eastern Time Zone","children":[{"Name":"Manhattan","Description":"Time Square is the place","Area":269.403,"Population":0,"TimeZone":"EST","id":11,"children":[{"Name":"Manhattan City","Description":"Manhattan island","Area":33.77,"id":12,"Population":0,"TimeZone":"EST"},{"Name":"Time Square","Description":"Time Square for new year","Area":269.4,"id":13,"Population":0,"TimeZone":"EST"}]},{"Name":"Niagra water fall","Description":"Close to Canada","Area":65.7,"id":14,"Population":0,"TimeZone":"EST"},{"Name":"Long Island","Description":"Harbour to Atlantic","Area":362.9,"id":15,"Population":0,"TimeZone":"EST"}]},{"DemographicId":51,"ParentId":1,"Name":"All_Other","Description":"All_Other demographics","Area":0,"id":16,"Population":0,"TimeZone":0}]},{"Name":"France","Description":"France","Area":675000,"Population":67314000,"id":17,"TimeZone":"UTC+1","details":[{"code":"FR","title":"France","value":20,"id":18}],"totals":[{"title":"France","id":19,"value":20}],"children":[{"Name":"Île-de-France","id":20,"Description":"Île-de-France","Area":12011,"Population":11959807,"TimeZone":"UTC+1"}]},{"Name":"Germany","Description":"Germany","Area":357168,"Population":81770900,"id":21,"TimeZone":"UTC+1","details":[{"code":"D","id":22,"title":"Germany","value":30}],"totals":[{"title":"Germany","id":23,"value":30}]},{"Name":"Italy","Description":"Italian Republic","Area":301338,"id":24,"Population":60674003,"TimeZone":"UTC+1","details":[{"code":"I","id":25,"title":"Italia","value":40}],"totals":[{"title":"Italia","id":26,"value":40}]},{"Name":"Poland","Description":"Republic of Poland","Area":312679,"Population":38483957,"id":27,"TimeZone":"UTC+1"},{"Name":"Spain","Description":"Kingdom of Spain","Area":505990,"Population":46423064,"id":28,"TimeZone":"UTC+1"},{"Name":"Portugal","Description":"Portuguese Republic","id":29,"Area":92391,"Population":81770900,"TimeZone":"UTC+0"},{"Name":"Great Britain","Description":"United Kingdom","Area":209331,"id":30,"Population":5969056,"TimeZone":"UTC0"},{"Name":"India","id":31,"Description":"Hydrabad tech city","Area":9826675,"Population":318212000,"TimeZone":"IST"},{"Name":"Bangladesh","Description":"Country of love","Area":9826675,"id":32,"Population":318212000,"TimeZone":"BST"}],"totals":[{"Area":209331555,"id":33,"Population":5969056888}]},"$output":"$data"}},"name":"detail-inside-tab","$type":"block","$items":[{"$title":{"value":"Exemple de détails consultable dans le tableau, ainsi qu'un tableau de regroupement","$style":"$spo-h2","size":4},"$type":"block","$items":[{"$bind":"documents","$widget":"basicgrid","options":{"height":300,"scrolling":{"vertical":true},"doubleClick":"select","header":{"align":"center","rows":3},"selecting":{"row":true,"multiselect":true},"expandingProperty":"children","expanding":{"selectChildren":true},"border":true,"allowColumnResize":true,"allowFrozenColumns":true,"columns":[{"$bind":"$expand","options":{"width":250,"display":"Name","frozen":true}},{"$bind":"Description","options":{"width":200,"frozen":true}},{"$bind":"Area","options":{"width":200}},{"$bind":"Population","options":{"width":200}},{"$bind":"TimeZone","options":{"width":200}}]}}]},{"$type":"block","$inline":true,"$items":[{"$bind":"$links.valid","options":{"right":true,"type":"success"}},{"$bind":"$links.cancel","options":{"right":true}}]},{"name":"form","$type":"block","$items":[{"$type":"block","$items":[{"$bind":"Offres","$widget":"basicgrid","options":{"align":"middle","border":true,"width":"50em","layouts":{"edit":{"name":"detail-inside-tab-edit","form":true,"$type":"block","$items":[{"$type":"block","$items":[{"$bind":"Type"},{"$bind":"Date"},{"$bind":"Libelle"},{"$bind":"caracTA.Price"}]},{"$type":"block","$inline":true,"$items":[{"$bind":"$links.$updateChanges","options":{"type":"primary","right":true}}]}],"_refName":"detail-inside-tab-edit"}},"rows":{"detail":{"layout":"edit"}},"headerIsHidden":false,"scrolling":{"horizontal":true},"columns":[{"$bind":"Type","options":{"width":"100%","$link":{"$page":"edit-user","$module":"admin","$search":[{"left":"id","right":"$item.Type"}]}}},{"$bind":"caracTA.Price","options":{"width":"12em","align":"right"}},{"$bind":"$links.$detail","options":{"minWidth":"4em","button":true,"size":"normal","icon":"pencil","type":"default"}},{"$bind":"$links.remove","options":{"width":"4em","button":false,"icon":"remove"}}]}}]},{"$type":"block","$items":[]}]}]}