{"datasets":{"main":{"$type":"basic","$data":{"libelle1":"Champs saississable","libelle2":"Champs obligatoire","libelle3":"Champs lecture seule","libelle4":"Adresse mail","Filters":[{"Title":"Titre de la liste 1"},{"Title":"Titre de la liste 2"},{"Title":"Titre de la liste 3"},{"Title":"Titre de la liste 4"},{"Title":"Titre de la liste 5"},{"Title":"Titre de la liste 6"},{"Title":"Titre de la liste 7"},{"Title":"Titre de la liste 8"},{"Title":"Titre de la liste 9"}]},"$output":"$data"}},"name":"form","$type":"block","$items":[{"$title":{"value":"Formulaire simple 1","$style":"$spo-h2","size":4},"$type":"block","$items":[{"$type":"block","$items":[{"$bind":"radio","$widget":"radio","options":{"horizontal":true}}],"$fieldsOptions":{"columns":true,"labelCol":1},"$colSize":4},{"$type":"row","$items":[{"$items":[{"$bind":"libelle2","options":{"maxWidth":"40em"}},{"$bind":"libelle3","options":{"maxWidth":"40em"}},{"$bind":"libelle4","options":{"maxWidth":"40em"}}],"$fieldsOptions":{"columns":true,"labelCol":2},"$colSize":6},{"$items":[{"$bind":"libelle2","options":{"maxWidth":"40em"}},{"$bind":"libelle5","options":{"maxWidth":"40em"}},{"$bind":"libelle5","options":{"maxWidth":"40em"}}],"$fieldsOptions":{"columns":true,"labelCol":2},"$colSize":6}]},{"$type":"block","$items":[{"$bind":"$links.valide","options":{"button":true,"right":true,"type":"success","inline":true}}],"$colSize":12}]},{"$title":{"value":"Formulaire avec rubriques","$style":"$spo-h2","size":4},"$type":"block","$items":[{"$type":"block","$items":[{"$type":"row","$items":[{"$items":[{"$bind":"nom","options":{"maxWidth":"40em"}}],"$colSize":6,"$fieldsOptions":{"columns":true,"labelCol":2}},{"$items":[{"$bind":"prenom","options":{"maxWidth":"40em"}}],"$colSize":6,"$fieldsOptions":{"columns":true,"labelCol":2}}]}],"$title":{"value":"Identité","size":5,"$style":"$spo-h3"}},{"$type":"block","$items":[{"$type":"row","$items":[{"$items":[{"$bind":"telephone1","options":{"maxWidth":"40em"}}],"$colSize":6,"$fieldsOptions":{"columns":true,"labelCol":2}},{"$items":[{"$bind":"telephone2","options":{"maxWidth":"40em"}}],"$colSize":6,"$fieldsOptions":{"columns":true,"labelCol":2}}]},{"$type":"block","$items":[{"$bind":"email","options":{"maxWidth":"100em"}}],"$fieldsOptions":{"columns":true,"labelCol":1}}],"$title":{"value":"Coordonnées","size":5,"$style":"$spo-h3"}},{"$type":"block","$items":[{"$type":"block","$items":[{"$bind":"deroulant","options":{"maxWidth":"40em"}},{"$bind":"adresse1","options":{"maxWidth":"60em"}},{"$bind":"adresse2","options":{"maxWidth":"60em"}},{"$bind":"adresse3","options":{"maxWidth":"60em"}}],"$fieldsOptions":{"columns":true,"labelCol":1}},{"$type":"row","$items":[{"$items":[{"$bind":"codepostal","options":{"maxWidth":"20em"}}],"$colSize":4,"$fieldsOptions":{"columns":true,"labelCol":3}},{"$items":[{"$bind":"ville","options":{"maxWidth":"20em"}}],"$colSize":4,"$fieldsOptions":{"columns":true,"labelCol":2}},{"$items":[{"$bind":"pays","options":{"maxWidth":"20em"}}],"$colSize":4,"$fieldsOptions":{"columns":true,"labelCol":2}}]}],"$title":{"value":"Adresses","size":5,"$style":"$spo-h3"}},{"$type":"block","$title":{"value":"Listes","size":5,"$style":"$spo-h3"},"$items":[{"$type":"block","$items":[{"$bind":"Filters","$widget":"basicgrid","options":{"editing":true,"selecting":{"row":"true","multiselect":"true"},"align":"middle","border":true,"headerIsHidden":false,"scrolling":{"horizontal":true},"columns":[{"$bind":"Title","options":{"width":"15em","selectable":true,"editable":false}}]}}]}]}]}],"form":true}