{
	"name": "detail-left.json",
	"$moduleTitle": "Types de pages",
	"$groups": [
		{
			"$title": "Types de pages",
			"$items": [
				{
					"$title": "Formulaires",
					"$items": [
						{
							"$title": "Titres dans une page",
							"$link": {
								"$page": "ergo/titles"
							}
						},
						{
							"$title": "Exemples de champs",
							"$link": {
								"$page": "ergo/champs"
							}
						},
						{
							"$title": "Formulaires et listes",
							"$link": {
								"$page": "ergo/form"
							}
						}
					]
				},
				{
					"$title": "Tableaux",
					"$items": [
						{
							"$title": "Tableau simple",
							"$link": {
								"$page": "ergo/tableau-simple"
							}
						},
						{
							"$title": "Totaux dans tableau",
							"$link": {
								"$page": "ergo/tableau-totaux"
							}
						},
						{
							"$title": "Détail dans tableau",
							"$link": {
								"$page": "ergo/detail-inside-tab"
							}
						},
						{
							"$title": "Cliquer - glisser dans un tableau",
							"$link": {
								"$page": "ergo/drag-drop"
							}
						}
					]
				},
				{
					"$title": "Master detail",
					"$items": [
						{
							"$title": "Tuile avec son detail",
							"$link": {
								"$page": "ergo/master-tile"
							}
						},
						{
							"$title": "Tableau avec son detail",
							"$link": {
								"$page": "ergo/master-tab"
							}
						}
					]
				},
				{
					"$title": "Tableaux de bord (Tuiles)",
					"$items": [
						{
							"$title": "Tableaux",
							"$link": {
								"$page": "ergo/tile-view"
							}
						},
						{
							"$title": "Détail d'un tableau",
							"$link": {
								"$page": "ergo/detail-tile"
							}
						}
					]
				},
				{
					"$title": "Boutons et Iconographie",
					"$items": [
						{
							"$title": "Boutons",
							"$link": {
								"$page": "ergo/buttons"
							}
						}
					]
				},
				{
					"$title": "Filtres",
					"$items": [
						{
							"$title": "Filtres",
							"$link": {
								"$page": "ergo/filters"
							}
						},
						{
							"$title": "Filtres Modal",
							"$link": {
								"$page": "ergo/filters-modal"
							}
						}
					]
				},
				{
					"$title": "Assistant",
					"$items": [
						{
							"$title": "Assistants ou onglets",
							"$link": {
								"$page": "ergo/wizard"
							}
						}
					]
				},
				{
					"$title": "Modales",
					"$items": [
						{
							"$title": "Fenêtres modales",
							"$link": {
								"$page": "ergo/modal"
							}
						},
						{
							"$title": "Message d'information",
							"$link": {
								"$page": "ergo/message"
							}
						}
					]
				},
				{
					"$title": "Menus",
					"$items": [
						{
							"$title": "Menus",
							"$link": {
								"$page": "ergo/menu"
							}
						}
					]
				},
				{
					"$title": "Paramétrage",
					"$items": [
						{
							"$title": "Paramétrage",
							"$link": {
								"$page": "ergo/param"
							}
						}
					]
				}
			]
		}
	]
}