{"name":"titles","$type":"block","datasets":{"main":{"$type":"basic","$data":{"image":"../shared/img/Creation_2ieme_tiers.png"},"$output":"$data"}},"$items":[{"$type":"block","$items":[{"$bind":"$links.tuile","$widget":"title-button","options":{"size":"lg","icon":"arrow-left","styles":"bs-widget-title no-x-padding"}}]},{"$title":{"value":"Sous titres 1","$style":"$spo-h2","size":4},"$type":"block","$items":[{"$title":{"value":"Rubrique 1","$style":"$spo-h3","size":5},"$type":"block","$items":[]},{"$title":{"value":"Rubrique 2","$style":"$spo-h3","size":5},"$type":"block","$items":[]},{"$title":{"value":"Rubrique 3","$style":"$spo-h3","size":5},"$type":"block","$items":[]}]},{"$title":{"value":"Sous titres 2","$style":"$spo-h2","size":4},"$type":"block","$items":[{"$title":{"value":"Rubrique 1","$style":"$spo-h3","size":5},"$type":"block","$items":[]},{"$title":{"value":"Rubrique 2","$style":"$spo-h3","size":5},"$type":"block","$items":[]},{"$title":{"value":"Rubrique 3","$style":"$spo-h3","size":5},"$type":"block","$items":[]}]},{"$type":"block","$items":[{"$bind":"image","$widget":"imageurl","options":{"titleIsHidden":true}}]}],"form":true}