{"type":"object","properties":{"libelle1":{"title":"Libellé","type":"string"},"libelle2":{"title":"Libellé","type":"string"},"libelle3":{"title":"Libellé","type":"string","description":"Read only field"},"money":{"title":"Montants","type":"number","format":"money"},"date":{"title":"Choix date","type":"string","format":"date"},"deroulant":{"type":"string","enum":["choix1","choix2","choix3"],"enumNames":["choix1","choix2","choix3"]},"checkbox":{"title":"Option activée","type":"boolean"},"checkbox2":{"title":"Option activé bloqué","type":"boolean"},"checkbox3":{"title":"Option désactivée","type":"boolean"},"checkbox4":{"title":"Option désactivée bloqué","type":"boolean"},"radio":{"type":"string","enum":["oui","non"],"enumNames":["Oui","Non"]}},"states":{"libelle3":{"isReadOnly":true},"libelle2":{"isMandatory":true},"checkbox2":{"isDisabled":true},"checkbox4":{"isDisabled":true}},"links":{"save":{"title":"Enregistrer","data":{"closeOnSuccess":false}},"close":{"title":"Annuler","after":"$action.$back"}}}