{"$type":"groups","$items":[{"$type":"group","$typeItems":"layouts","$items":[{"$type":"item","$title":"Block","data":{"$type":"layout","data":{"$type":"block"}}},{"$type":"item","$title":"Row","data":{"$type":"layout","data":{"$type":"row","$items":[{},{}]}}},{"$type":"item","$title":"Accordion","data":{"$type":"layout","data":{"$type":"accordion","$widget":"tabs","$items":[{"opened":true},{}]}}}]},{"$type":"group","$typeItems":"widgets","$items":[{"data":{"$type":"widget","data":{"$config":{"form":{"name":"Enter form name","meta":"Enter meta (schema) for the form","controller":"Enter registered form controller"},"$type":"form"}}},"$type":"item","$title":"Form"},{"data":{"$type":"widget","data":{"$config":{"$titleIsHidden":true,"data":{"tabs":[]},"$type":"tabs"}}},"$type":"item","$title":"Tabs"},{"data":{"$type":"widget","data":{"$config":{"$titleIsHidden":true,"data":{"src":"https://www.google.com"},"$type":"IFrame"}}},"$type":"item","$title":"IFrame"},{"data":{"$type":"widget","data":{"$config":{"$titleIsHidden":true,"data":{"menu":{"link":"Enter link name","imageSrc":"Enter image path","title":"Enter link title"}},"$type":"image-menu-item"}}},"$type":"item","$title":"Menu as Image"}]}]}